1,Pantín Classic logo basic T-shirt,"19,99 €",https://www.pullandbear.com/es/en/man/clothing/t-shirts/pant%C3%ADn-classic-logo-basic-t-shirt-c29070p501099745.html
3,Pantín Classic banner T-shirt,"19,99 €",https://www.pullandbear.com/es/en/man/clothing/t-shirts/pant%C3%ADn-classic-banner-t-shirt-c29070p501099730.html
5,Colourful Pantín Classic print T-shirt,"19,99 €",https://www.pullandbear.com/es/en/man/clothing/t-shirts/colourful-pant%C3%ADn-classic-print-t-shirt-c29070p501099722.html
6,Pantín Classic print T-shirt,"19,99 €",https://www.pullandbear.com/es/en/man/clothing/t-shirts/pant%C3%ADn-classic-print-t-shirt-c29070p501099767.html
8,Pantín Classic panelled T-shirt,"19,99 €",https://www.pullandbear.com/es/en/man/clothing/t-shirts/pant%C3%ADn-classic-panelled-t-shirt-c29070p501099685.html
9,Retro van T-shirt,"14,99 €",https://www.pullandbear.com/es/en/man/clothing/t-shirts/retro-van-t-shirt-c29070p501095165.html
10,Game Boy T-shirt,"12,99 €",https://www.pullandbear.com/es/en/man/clothing/t-shirts/game-boy-t-shirt-c29070p501071190.html
11,‘Grateful Dead’ skull T-shirt,"14,99 €",https://www.pullandbear.com/es/en/man/clothing/t-shirts/%E2%80%98grateful-dead%E2%80%99-skull-t-shirt-c29070p501071151.html
12,Nasa T-shirt with strip on sleeve,"12,99 €",https://www.pullandbear.com/es/en/man/clothing/t-shirts/nasa-t-shirt-with-strip-on-sleeve-c29070p501047874.html
14,Nautical print T-shirt,"9,99 €",https://www.pullandbear.com/es/en/man/clothing/t-shirts/nautical-print-t-shirt-c29070p501010073.html
15,‘C’est la vie’ slogan T-shirt,"9,99 €",https://www.pullandbear.com/es/en/man/clothing/t-shirts/%E2%80%98c%E2%80%99est-la-vie%E2%80%99-slogan-t-shirt-c29070p501010066.html
16,Slogan T-shirt,"9,99 €",https://www.pullandbear.com/es/en/man/clothing/t-shirts/slogan-t-shirt-c29070p501010029.html
17,Mexican skull print T-shirt,"9,99 €",https://www.pullandbear.com/es/en/man/clothing/t-shirts/mexican-skull-print-t-shirt-c29070p501005051.html
18,Slogan trim vest top,"9,99 €",https://www.pullandbear.com/es/en/man/clothing/t-shirts/slogan-trim-vest-top-c29070p501062324.html
19,Colour block chest T-shirt,"12,99 €",https://www.pullandbear.com/es/en/man/clothing/t-shirts/colour-block-chest-t-shirt-c29070p501062296.html
20,Vertical colour block T-shirt,"12,99 €",https://www.pullandbear.com/es/en/man/clothing/t-shirts/vertical-colour-block-t-shirt-c29070p501062289.html
21,Colour block and slogan T-shirt,"12,99 €",https://www.pullandbear.com/es/en/man/clothing/t-shirts/colour-block-and-slogan-t-shirt-c29070p501062282.html
22,T-shirt with side stripe,"12,99 €",https://www.pullandbear.com/es/en/man/clothing/t-shirts/t-shirt-with-side-stripe-c29070p501025501.html
24,T-shirt with contrasting neckline,"9,99 €",https://www.pullandbear.com/es/en/man/clothing/t-shirts/t-shirt-with-contrasting-neckline-c29070p501009921.html
26,Mexican skull print T-shirt,"9,99 €",https://www.pullandbear.com/es/en/man/clothing/t-shirts/mexican-skull-print-t-shirt-c29070p500960833.html
27,Sliced skull T-shirt,"9,99 €",https://www.pullandbear.com/es/en/man/clothing/t-shirts/sliced-skull-t-shirt-c29070p500960820.html
28,Skull and snake T-shirt,"9,99 €",https://www.pullandbear.com/es/en/man/clothing/t-shirts/skull-and-snake-t-shirt-c29070p500960813.html
29,Tropical skull print T-shirt,"9,99 €",https://www.pullandbear.com/es/en/man/clothing/t-shirts/tropical-skull-print-t-shirt-c29070p500960799.html
30,Striped T-shirt with embroidery,"9,99 €",https://www.pullandbear.com/es/en/man/clothing/t-shirts/striped-t-shirt-with-embroidery-c29070p501010306.html
31,Embroidered cotton T-shirt,"7,99 €",https://www.pullandbear.com/es/en/man/clothing/t-shirts/embroidered-cotton-t-shirt-c29070p500966518.html
32,T-shirt with wide vertical stripes,"9,99 €",https://www.pullandbear.com/es/en/man/clothing/t-shirts/t-shirt-with-wide-vertical-stripes-c29070p500979337.html
33,Piqué T-shirt with vertical stripes,"12,99 €",https://www.pullandbear.com/es/en/man/clothing/t-shirts/piqu%C3%A9-t-shirt-with-vertical-stripes-c29070p500966670.html
34,‘New York’ T-shirt,"7,99 €",https://www.pullandbear.com/es/en/man/clothing/t-shirts/%E2%80%98new-york%E2%80%99-t-shirt-c29070p500966708.html
35,Indian-inspired skull T-shirt,"9,99 €",https://www.pullandbear.com/es/en/man/clothing/t-shirts/indian-inspired-skull-t-shirt-c29070p500945133.html
36,Join Life basic T-shirt,"5,99 €",https://www.pullandbear.com/es/en/man/clothing/t-shirts/join-life-basic-t-shirt-c29070p500916122.html
38,Jurassic Park T-shirt,"14,99 €",https://www.pullandbear.com/es/en/man/clothing/t-shirts/jurassic-park-t-shirt-c29070p501009606.html
39,Back to the Future DeLorean T-shirt,"14,99 €",https://www.pullandbear.com/es/en/man/clothing/t-shirts/back-to-the-future-delorean-t-shirt-c29070p501047707.html
40,Rolling Stones multi-logo T-shirt,"14,99 €",https://www.pullandbear.com/es/en/man/clothing/t-shirts/rolling-stones-multi-logo-t-shirt-c29070p500961001.html
41,T-shirt with raised AC/DC print,"14,99 €",https://www.pullandbear.com/es/en/man/clothing/t-shirts/dc-print-c29070p501005109.html
42,"The Ramones ‘Hey ho, let’s go’ T-shirt","14,99 €",https://www.pullandbear.com/es/en/man/clothing/t-shirts/the-ramones-%E2%80%98hey-ho%2C-let%E2%80%99s-go%E2%80%99-t-shirt-c29070p500961103.html
43,VW Beetle T-shirt,"14,99 €",https://www.pullandbear.com/es/en/man/clothing/t-shirts/vw-beetle-t-shirt-c29070p501070530.html
44,Pacific Republic panelled T-shirt,"12,99 €",https://www.pullandbear.com/es/en/man/clothing/t-shirts/pacific-republic-panelled-t-shirt-c29070p500912382.html
45,Triangle logo colour block T-shirt,"12,99 €",https://www.pullandbear.com/es/en/man/clothing/t-shirts/triangle-logo-colour-block-t-shirt-c29070p501062032.html
46,‘Venice Club’ print T-shirt,"9,99 €",https://www.pullandbear.com/es/en/man/clothing/t-shirts/%E2%80%98venice-club%E2%80%99-print-t-shirt-c29070p501062001.html
47,Road photo print T-shirt,"9,99 €",https://www.pullandbear.com/es/en/man/clothing/t-shirts/road-photo-print-t-shirt-c29070p501062017.html
48,Jump photo print T-shirt,"9,99 €",https://www.pullandbear.com/es/en/man/clothing/t-shirts/jump-photo-print-t-shirt-c29070p501062009.html
49,Slogan T-shirt with contrasting sleeves,"9,99 €",https://www.pullandbear.com/es/en/man/clothing/t-shirts/slogan-t-shirt-with-contrasting-sleeves-c29070p501070538.html
50,‘New York’ colour block raglan sleeve T-shirt,"12,99 €",https://www.pullandbear.com/es/en/man/clothing/t-shirts/%E2%80%98new-york%E2%80%99-colour-block-raglan-sleeve-t-shirt-c29070p501047596.html
51,Striped panel T-shirt with slogan,"9,99 €",https://www.pullandbear.com/es/en/man/clothing/t-shirts/striped-panel-t-shirt-with-slogan-c29070p501047684.html
52,Colour block raglan sleeve T-shirt,"12,99 €",https://www.pullandbear.com/es/en/man/clothing/t-shirts/colour-block-raglan-sleeve-t-shirt-c29070p501047572.html
54,‘Polaroid’ camera T-shirt,"14,99 €",https://www.pullandbear.com/es/en/man/clothing/t-shirts/%E2%80%98polaroid%E2%80%99-camera-t-shirt-c29070p501062104.html
55,'Polaroid' logo T-shirt,"14,99 €",https://www.pullandbear.com/es/en/man/clothing/t-shirts/%27polaroid%27-logo-t-shirt-c29070p501062096.html
56,Palm tree and volcano print T-shirt,"7,99 €",https://www.pullandbear.com/es/en/man/clothing/t-shirts/palm-tree-and-volcano-print-t-shirt-c29070p500935029.html
57,Short sleeve plush jersey T-shirt,"17,99 €",https://www.pullandbear.com/es/en/man/clothing/t-shirts/short-sleeve-plush-jersey-t-shirt-c29070p501047893.html
58,‘Polaroid’ camera T-shirt,"14,99 €",https://www.pullandbear.com/es/en/man/clothing/t-shirts/%E2%80%98polaroid%E2%80%99-camera-t-shirt-c29070p501062048.html
59,'Polaroid' logo T-shirt,"14,99 €",https://www.pullandbear.com/es/en/man/clothing/t-shirts/%27polaroid%27-logo-t-shirt-c29070p501062040.html
60,Black T-shirt with pocket,"9,99 €",https://www.pullandbear.com/es/en/man/clothing/t-shirts/black-t-shirt-with-pocket-c29070p501070509.html
61,Grey T-shirt with pocket,"9,99 €",https://www.pullandbear.com/es/en/man/clothing/t-shirts/grey-t-shirt-with-pocket-c29070p501070516.html
62,Chunky knit T-shirt with pocket,"7,99 €",https://www.pullandbear.com/es/en/man/clothing/t-shirts/chunky-knit-t-shirt-with-pocket-c29070p500916661.html
71,Striped skull T-shirt,"9,99 €",https://www.pullandbear.com/es/en/man/clothing/t-shirts/striped-skull-t-shirt-c29070p501005008.html
72,All-over print piqué polo shirt,"14,99 €",https://www.pullandbear.com/es/en/man/clothing/t-shirts/all-over-print-piqu%C3%A9-polo-shirt-c29070p500992854.html
75,Photo print T-shirt,"9,99 €",https://www.pullandbear.com/es/en/man/clothing/t-shirts/photo-print-t-shirt-c29070p501001046.html
76,'Pools' T-shirt,"7,99 €",https://www.pullandbear.com/es/en/man/clothing/t-shirts/%27pools%27-t-shirt-c29070p500966655.html
77,Colour block panel T-shirt,"9,99 €",https://www.pullandbear.com/es/en/man/clothing/t-shirts/colour-block-panel-t-shirt-c29070p500908737.html
80,Mexican skull print T-shirt,"9,99 €",https://www.pullandbear.com/es/en/man/clothing/t-shirts/mexican-skull-print-t-shirt-c29070p501005029.html
81,Toucan and snake skull T-shirt,"9,99 €",https://www.pullandbear.com/es/en/man/clothing/t-shirts/toucan-and-snake-skull-t-shirt-c29070p501005043.html
82,Multicoloured skull T-shirt,"9,99 €",https://www.pullandbear.com/es/en/man/clothing/t-shirts/multicoloured-skull-t-shirt-c29070p501005015.html
83,Panel tank top,"7,99 €",https://www.pullandbear.com/es/en/man/clothing/t-shirts/panel-tank-top-c29070p500908772.html
86,T-shirt with chest panels,"9,99 €",https://www.pullandbear.com/es/en/man/clothing/t-shirts/t-shirt-with-chest-panels-c29070p501047676.html
87,T-shirt with pocket and stripe detail,"9,99 €",https://www.pullandbear.com/es/en/man/clothing/t-shirts/t-shirt-with-pocket-and-stripe-detail-c29070p501047588.html
88,Palm tree panel T-shirt,"9,99 €",https://www.pullandbear.com/es/en/man/clothing/t-shirts/palm-tree-panel-t-shirt-c29070p501047580.html
89,Photo print T-shirt,"9,99 €",https://www.pullandbear.com/es/en/man/clothing/t-shirts/photo-print-t-shirt-c29070p501027157.html
90,‘Palm State’ print T-shirt,"9,99 €",https://www.pullandbear.com/es/en/man/clothing/t-shirts/%E2%80%98palm-state%E2%80%99-print-t-shirt-c29070p501027149.html
91,Striped panel T-shirt with pocket,"12,99 €",https://www.pullandbear.com/es/en/man/clothing/t-shirts/striped-panel-t-shirt-with-pocket-c29070p501010473.html
92,Panel T-shirt with pocket,"12,99 €",https://www.pullandbear.com/es/en/man/clothing/t-shirts/panel-t-shirt-with-pocket-c29070p501010451.html
93,Nautical stripe piqué polo shirt,"12,99 €",https://www.pullandbear.com/es/en/man/clothing/t-shirts/nautical-stripe-piqu%C3%A9-polo-shirt-c29070p500915401.html
95,Vertical stripe polo shirt,"17,99 €",https://www.pullandbear.com/es/en/man/clothing/t-shirts/vertical-stripe-polo-shirt-c29070p501015698.html
97,Cotton sunset T-shirt,"9,99 €",https://www.pullandbear.com/es/en/man/clothing/t-shirts/cotton-sunset-t-shirt-c29070p501025588.html
98,Cotton 'Huntington Beach' T-shirt,"9,99 €",https://www.pullandbear.com/es/en/man/clothing/t-shirts/cotton-%27huntington-beach%27-t-shirt-c29070p501025595.html
99,Surf photo print T-shirt,"9,99 €",https://www.pullandbear.com/es/en/man/clothing/t-shirts/surf-photo-print-t-shirt-c29070p500992606.html
100,‘Palm Springs’ colour print T-shirt,"9,99 €",https://www.pullandbear.com/es/en/man/clothing/t-shirts/%E2%80%98palm-springs%E2%80%99-colour-print-t-shirt-c29070p500979269.html
101,Palm tree photo print T-shirt,"9,99 €",https://www.pullandbear.com/es/en/man/clothing/t-shirts/palm-tree-photo-print-t-shirt-c29070p500992567.html
102,‘Forward thinking’ print T-shirt,"9,99 €",https://www.pullandbear.com/es/en/man/clothing/t-shirts/%E2%80%98forward-thinking%E2%80%99-print-t-shirt-c29070p500979284.html
104,Cotton Gremlins T-shirt,"14,99 €",https://www.pullandbear.com/es/en/man/clothing/t-shirts/cotton-gremlins-t-shirt-c29070p501047691.html
105,Panelled T-shirt with contrasting stripes and pocket,"12,99 €",https://www.pullandbear.com/es/en/man/clothing/t-shirts/panelled-t-shirt-with-contrasting-stripes-and-pocket-c29070p501010381.html
106,Back to the Future T-shirt,"14,99 €",https://www.pullandbear.com/es/en/man/clothing/t-shirts/back-to-the-future-t-shirt-c29070p501047699.html
107,Cotton Sunset Club T-shirt,"9,99 €",https://www.pullandbear.com/es/en/man/clothing/t-shirts/cotton-sunset-club-t-shirt-c29070p501025602.html
108,'Venice Vibes' photo print T-shirt,"9,99 €",https://www.pullandbear.com/es/en/man/clothing/t-shirts/%27venice-vibes%27-photo-print-t-shirt-c29070p501025610.html
109,Cotton 'Miami Av.' T-shirt,"9,99 €",https://www.pullandbear.com/es/en/man/clothing/t-shirts/cotton-%27miami-av.%27-t-shirt-c29070p501025581.html
110,Cotton 'Hidden Springs' T-shirt,"9,99 €",https://www.pullandbear.com/es/en/man/clothing/t-shirts/cotton-%27hidden-springs%27-t-shirt-c29070p501025574.html
116,Ombré print short sleeve T-shirt,"12,99 €",https://www.pullandbear.com/es/en/man/clothing/t-shirts/ombr%C3%A9-print-short-sleeve-t-shirt-c29070p500915288.html
117,Cotton T-shirt with 3 panels,"7,99 €",https://www.pullandbear.com/es/en/man/clothing/t-shirts/cotton-t-shirt-with-3-panels-c29070p500911660.html
119,Square and triangle T-shirt,"9,99 €",https://www.pullandbear.com/es/en/man/clothing/t-shirts/square-and-triangle-t-shirt-c29070p501010488.html
121,Join Life slub knit T-shirt with contrasting sleeves,"7,99 €",https://www.pullandbear.com/es/en/man/clothing/t-shirts/join-life-slub-knit-t-shirt-with-contrasting-sleeves-c29070p500910721.html
122,Guns N’ Roses logo T-shirt,"14,99 €",https://www.pullandbear.com/es/en/man/clothing/t-shirts/guns-n%E2%80%99-roses-logo-t-shirt-c29070p501015628.html
123,Rolling Stones raglan sleeve T-shirt,"14,99 €",https://www.pullandbear.com/es/en/man/clothing/t-shirts/rolling-stones-raglan-sleeve-t-shirt-c29070p500960993.html
125,Striped short sleeve sweater,"17,99 €",https://www.pullandbear.com/es/en/man/clothing/t-shirts/striped-short-sleeve-sweater-c29070p501027168.html
127,T-shirt with shoulder stripe,"12,99 €",https://www.pullandbear.com/es/en/man/clothing/t-shirts/t-shirt-with-shoulder-stripe-c29070p501010415.html
129,Photo print and slogan T-shirt,"9,99 €",https://www.pullandbear.com/es/en/man/clothing/t-shirts/photo-print-and-slogan-t-shirt-c29070p500979309.html
130,Gremlins T-shirt,"14,99 €",https://www.pullandbear.com/es/en/man/clothing/t-shirts/gremlins-t-shirt-c29070p501047501.html
131,'Back to the Future' film T-shirt,"14,99 €",https://www.pullandbear.com/es/en/man/clothing/t-shirts/%27back-to-the-future%27-film-t-shirt-c29070p501047509.html
133,Nautical flag T-shirt,"9,99 €",https://www.pullandbear.com/es/en/man/clothing/t-shirts/nautical-flag-t-shirt-c29070p501010443.html
134,Striped panel T-shirt with printed pocket,"12,99 €",https://www.pullandbear.com/es/en/man/clothing/t-shirts/striped-panel-t-shirt-with-printed-pocket-c29070p501010428.html
136,‘Red Valley’ multicoloured stripes T-shirt,"9,99 €",https://www.pullandbear.com/es/en/man/clothing/t-shirts/%E2%80%98red-valley%E2%80%99-multicoloured-stripes-t-shirt-c29070p501005178.html
137,Colour block polo shirt,"12,99 €",https://www.pullandbear.com/es/en/man/clothing/t-shirts/colour-block-polo-shirt-c29070p500909207.html
138,‘Idaho State’ striped T-shirt,"9,99 €",https://www.pullandbear.com/es/en/man/clothing/t-shirts/%E2%80%98idaho-state%E2%80%99-striped-t-shirt-c29070p501005170.html
140,‘Arizona USA’ striped T-shirt,"12,99 €",https://www.pullandbear.com/es/en/man/clothing/t-shirts/%E2%80%98arizona-usa%E2%80%99-striped-t-shirt-c29070p501005125.html
141,‘Venice Club’ chest panel T-shirt,"12,99 €",https://www.pullandbear.com/es/en/man/clothing/t-shirts/%E2%80%98venice-club%E2%80%99-chest-panel-t-shirt-c29070p501005117.html
142,‘Palm State Avenue’ T-shirt,"9,99 €",https://www.pullandbear.com/es/en/man/clothing/t-shirts/%E2%80%98palm-state-avenue%E2%80%99-t-shirt-c29070p501005162.html
143,Black and white slogan T-shirt,"9,99 €",https://www.pullandbear.com/es/en/man/clothing/t-shirts/black-and-white-slogan-t-shirt-c29070p500992598.html
144,Black and white ‘Tropical Storm’ T-shirt,"9,99 €",https://www.pullandbear.com/es/en/man/clothing/t-shirts/black-and-white-%E2%80%98tropical-storm%E2%80%99-t-shirt-c29070p500992614.html
145,T-shirt with slogan print stripe,"12,99 €",https://www.pullandbear.com/es/en/man/clothing/t-shirts/t-shirt-with-slogan-print-stripe-c29070p500979291.html
146,Vertical stripe T-shirt with contrasting neckline,"9,99 €",https://www.pullandbear.com/es/en/man/clothing/t-shirts/vertical-stripe-t-shirt-with-contrasting-neckline-c29070p500979330.html
147,‘South Bronx’ T-shirt,"7,99 €",https://www.pullandbear.com/es/en/man/clothing/t-shirts/%E2%80%98south-bronx%E2%80%99-t-shirt-c29070p500966716.html
148,Tropical leaf and skull T-shirt,"9,99 €",https://www.pullandbear.com/es/en/man/clothing/t-shirts/tropical-leaf-and-skull-t-shirt-c29070p500945163.html
149,Ice cream van T-shirt,"9,99 €",https://www.pullandbear.com/es/en/man/clothing/t-shirts/ice-cream-van-t-shirt-c29070p500945155.html
150,Lizard print T-shirt,"9,99 €",https://www.pullandbear.com/es/en/man/clothing/t-shirts/lizard-print-t-shirt-c29070p500945178.html
151,Basic piqué polo shirt,"12,99 €",https://www.pullandbear.com/es/en/man/clothing/t-shirts/basic-piqu%C3%A9-polo-shirt-c29070p500909135.html
156,Slogan T-shirt with contrasting sleeves,"9,99 €",https://www.pullandbear.com/es/en/man/clothing/t-shirts/slogan-t-shirt-with-contrasting-sleeves-c29070p500908756.html
159,‘Sun & Waves’ print vest top,"5,99 €",https://www.pullandbear.com/es/en/man/clothing/t-shirts/%E2%80%98sun-%26-waves%E2%80%99-print-vest-top-c29070p500914862.html
160,Polo shirt with all-over floral print,"15,99 €",https://www.pullandbear.com/es/en/man/clothing/t-shirts/polo-shirt-with-all-over-floral-print-c29070p501009775.html
161,Palm tree and skull print polo shirt,"15,99 €",https://www.pullandbear.com/es/en/man/clothing/t-shirts/palm-tree-and-skull-print-polo-shirt-c29070p501009816.html
163,Miami Vice photographic print T-shirt,"14,99 €",https://www.pullandbear.com/es/en/man/clothing/t-shirts/miami-vice-photographic-print-t-shirt-c29070p500910661.html
164,Puff dinosaur print T-shirt,"7,99 €",https://www.pullandbear.com/es/en/man/clothing/t-shirts/puff-dinosaur-print-t-shirt-c29070p500911356.html
165,‘Metallica’ T-shirt,"14,99 €",https://www.pullandbear.com/es/en/man/clothing/t-shirts/%E2%80%98metallica%E2%80%99-t-shirt-c29070p501005079.html
166,Short sleeve T-shirt with embroidery,"7,99 €",https://www.pullandbear.com/es/en/man/clothing/t-shirts/short-sleeve-t-shirt-with-embroidery-c29070p500966612.html
170,Multicoloured surf stripe T-shirt,"9,99 €",https://www.pullandbear.com/es/en/man/clothing/t-shirts/multicoloured-surf-stripe-t-shirt-c29070p500910669.html
171,T-shirt with long raglan sleeves,"9,99 €",https://www.pullandbear.com/es/en/man/clothing/t-shirts/t-shirt-with-long-raglan-sleeves-c29070p501016398.html
174,T-shirt with long camouflage raglan sleeves,"9,99 €",https://www.pullandbear.com/es/en/man/clothing/t-shirts/t-shirt-with-long-camouflage-raglan-sleeves-c29070p501015816.html
176,Miami Vice logo T-shirt,"14,99 €",https://www.pullandbear.com/es/en/man/clothing/t-shirts/miami-vice-logo-t-shirt-c29070p500910653.html
177,Short sleeve T-shirt with slogan,"9,99 €",https://www.pullandbear.com/es/en/man/clothing/t-shirts/short-sleeve-t-shirt-with-slogan-c29070p501009896.html
180,Camouflage ‘Peace’ T-shirt,"9,99 €",https://www.pullandbear.com/es/en/man/clothing/t-shirts/camouflage-%E2%80%98peace%E2%80%99-t-shirt-c29070p501005094.html
181,Camouflage ‘Don't Wanna Fight’ T-shirt,"9,99 €",https://www.pullandbear.com/es/en/man/clothing/t-shirts/camouflage-%E2%80%98don%27t-wanna-fight%E2%80%99-t-shirt-c29070p501005064.html
183,Short sleeve T-shirt with multicoloured paint splatter,"9,99 €",https://www.pullandbear.com/es/en/man/clothing/t-shirts/short-sleeve-t-shirt-with-multicoloured-paint-splatter-c29070p500990550.html
184,Piqué polo shirt with vertical stripes,"14,99 €",https://www.pullandbear.com/es/en/man/clothing/t-shirts/piqu%C3%A9-polo-shirt-with-vertical-stripes-c29070p500979358.html
185,Short sleeve T-shirt with panel and slogan,"12,99 €",https://www.pullandbear.com/es/en/man/clothing/t-shirts/short-sleeve-t-shirt-with-panel-and-slogan-c29070p500961009.html
186,Basic short-sleeved t-shirt,"7,99 €",https://www.pullandbear.com/es/en/man/clothing/t-shirts/basic-short-sleeved-t-shirt-c29070p500972024.html
191,Skulls and flowers print T-shirt,"12,99 €",https://www.pullandbear.com/es/en/man/clothing/t-shirts/skulls-and-flowers-print-t-shirt-c29070p500960786.html
192,Raised tropical skull T-shirt,"12,99 €",https://www.pullandbear.com/es/en/man/clothing/t-shirts/raised-tropical-skull-t-shirt-c29070p500945140.html
193,Short sleeve panelled polo shirt,"12,99 €",https://www.pullandbear.com/es/en/man/clothing/t-shirts/short-sleeve-panelled-polo-shirt-c29070p500918514.html
194,Basic piqué polo shirt,"12,99 €",https://www.pullandbear.com/es/en/man/clothing/t-shirts/basic-piqu%C3%A9-polo-shirt-c29070p500918123.html
201,Piqué panel and slogan T-shirt,"12,99 €",https://www.pullandbear.com/es/en/man/clothing/t-shirts/piqu%C3%A9-panel-and-slogan-t-shirt-c29070p500915038.html
202,Basic short sleeve flecked effect T-shirt,"7,99 €",https://www.pullandbear.com/es/en/man/clothing/t-shirts/basic-short-sleeve-flecked-effect-t-shirt-c29070p500911892.html
206,Basic V-neck T-shirt,"4,99 €",https://www.pullandbear.com/es/en/man/clothing/t-shirts/basic-v-neck-t-shirt-c29070p500911689.html
213,Nautical stripe T-shirt,"7,99 €",https://www.pullandbear.com/es/en/man/clothing/t-shirts/nautical-stripe-t-shirt-c29070p500910903.html
220,Short sleeve T-shirt with panels and stripes,"12,99 €",https://www.pullandbear.com/es/en/man/clothing/t-shirts/short-sleeve-t-shirt-with-panels-and-stripes-c29070p500992557.html
221,Vest top with pocket,"4,99 €",https://www.pullandbear.com/es/en/man/clothing/t-shirts/vest-top-with-pocket-c29070p500910381.html
225,Short sleeve panelled T-shirt with a pocket,"12,99 €",https://www.pullandbear.com/es/en/man/clothing/t-shirts/short-sleeve-panelled-t-shirt-with-a-pocket-c29070p500910357.html
226,Contrasting raglan sleeve T-shirt,"7,99 €",https://www.pullandbear.com/es/en/man/clothing/t-shirts/contrasting-raglan-sleeve-t-shirt-c29070p500908593.html
227,The Ramones logo and design T-shirt,"14,99 €",https://www.pullandbear.com/es/en/man/clothing/t-shirts/the-ramones-logo-and-design-t-shirt-c29070p500961130.html
228,Vest top with printed pocket,"7,99 €",https://www.pullandbear.com/es/en/man/clothing/t-shirts/vest-top-with-printed-pocket-c29070p500911054.html
229,Vest top with floral print panel and chest pocket,"7,99 €",https://www.pullandbear.com/es/en/man/clothing/t-shirts/vest-top-with-floral-print-panel-and-chest-pocket-c29070p500911199.html
230,Vest top with grey straps and printed pocket,"7,99 €",https://www.pullandbear.com/es/en/man/clothing/t-shirts/vest-top-with-grey-straps-and-printed-pocket-c29070p500911182.html
231,Vest top with floral print panel and chest pocket,"7,99 €",https://www.pullandbear.com/es/en/man/clothing/t-shirts/vest-top-with-floral-print-panel-and-chest-pocket-c29070p500910948.html
233,‘Community Social Club’ print vest top,"5,99 €",https://www.pullandbear.com/es/en/man/clothing/t-shirts/%E2%80%98community-social-club%E2%80%99-print-vest-top-c29070p500914815.html
235,Tropical leaf print polo shirt,"12,99 €",https://www.pullandbear.com/es/en/man/clothing/t-shirts/tropical-leaf-print-polo-shirt-c29070p500998312.html
237,V-shaped panel T-shirt,"14,99 €",https://www.pullandbear.com/es/en/man/clothing/t-shirts/v-shaped-panel-t-shirt-c29070p500998112.html
238,Diagonal panel T-shirt,"14,99 €",https://www.pullandbear.com/es/en/man/clothing/t-shirts/diagonal-panel-t-shirt-c29070p500998073.html
239,T-shirt with geometric panels,"14,99 €",https://www.pullandbear.com/es/en/man/clothing/t-shirts/t-shirt-with-geometric-panels-c29070p500998060.html
240,T-shirt with V-shaped panels,"14,99 €",https://www.pullandbear.com/es/en/man/clothing/t-shirts/t-shirt-with-v-shaped-panels-c29070p500998092.html
241,Skeleton and computer T-shirt,"7,99 €",https://www.pullandbear.com/es/en/man/clothing/t-shirts/skeleton-and-computer-t-shirt-c29070p500945096.html
242,T-shirt with handcuffed hands holding a mobile phone,"7,99 €",https://www.pullandbear.com/es/en/man/clothing/t-shirts/t-shirt-with-handcuffed-hands-holding-a-mobile-phone-c29070p500945125.html
243,Tattooed woman T-shirt,"7,99 €",https://www.pullandbear.com/es/en/man/clothing/t-shirts/tattooed-woman-t-shirt-c29070p500945117.html
244,Cobra and rose T-shirt,"7,99 €",https://www.pullandbear.com/es/en/man/clothing/t-shirts/cobra-and-rose-t-shirt-c29070p500947106.html
245,Piqué polo shirt with palm tree print,"14,99 €",https://www.pullandbear.com/es/en/man/clothing/t-shirts/piqu%C3%A9-polo-shirt-with-palm-tree-print-c29070p500964001.html
246,Geometric print T-shirt with slogan,"9,99 €",https://www.pullandbear.com/es/en/man/clothing/t-shirts/geometric-print-t-shirt-with-slogan-c29070p501010342.html
247,Circle print T-shirt with pocket,"9,99 €",https://www.pullandbear.com/es/en/man/clothing/t-shirts/circle-print-t-shirt-with-pocket-c29070p501010480.html
248,T-shirt with circle and slogan print,"9,99 €",https://www.pullandbear.com/es/en/man/clothing/t-shirts/t-shirt-with-circle-and-slogan-print-c29070p501010504.html
249,Striped square T-shirt,"9,99 €",https://www.pullandbear.com/es/en/man/clothing/t-shirts/striped-square-t-shirt-c29070p501010496.html
252,Skull dreamcatcher T-shirt,"9,99 €",https://www.pullandbear.com/es/en/man/clothing/t-shirts/skull-dreamcatcher-t-shirt-c29070p501005087.html
253,‘Tropical Storm’ T-shirt,"9,99 €",https://www.pullandbear.com/es/en/man/clothing/t-shirts/%E2%80%98tropical-storm%E2%80%99-t-shirt-c29070p500992583.html
254,‘Friday Club’ T-shirt,"9,99 €",https://www.pullandbear.com/es/en/man/clothing/t-shirts/%E2%80%98friday-club%E2%80%99-t-shirt-c29070p500992575.html
255,Hardware slogan T-shirt,"9,99 €",https://www.pullandbear.com/es/en/man/clothing/t-shirts/hardware-slogan-t-shirt-c29070p500992820.html
256,‘Beach Party’ icebox T-shirt,"9,99 €",https://www.pullandbear.com/es/en/man/clothing/t-shirts/%E2%80%98beach-party%E2%80%99-icebox-t-shirt-c29070p500992812.html
257,Striped vintage T-shirt,"9,99 €",https://www.pullandbear.com/es/en/man/clothing/t-shirts/striped-vintage-t-shirt-c29070p500966582.html
258,Panelled varsity-style T-shirt,"7,99 €",https://www.pullandbear.com/es/en/man/clothing/t-shirts/panelled-varsity-style-t-shirt-c29070p500945199.html
261,Maui and Sons print T-shirt,"12,99 €",https://www.pullandbear.com/es/en/man/clothing/t-shirts/maui-and-sons-print-t-shirt-c29070p500909575.html
263,Piqué T-shirt with palm tree and polka dot panels,"12,99 €",https://www.pullandbear.com/es/en/man/clothing/t-shirts/piqu%C3%A9-t-shirt-with-palm-tree-and-polka-dot-panels-c29070p500966700.html
264,Piqué T-shirt with contrasting pocket,"9,99 €",https://www.pullandbear.com/es/en/man/clothing/t-shirts/piqu%C3%A9-t-shirt-with-contrasting-pocket-c29070p500966692.html
265,Guns N’ Roses tour T-shirt,"14,99 €",https://www.pullandbear.com/es/en/man/clothing/t-shirts/guns-n%E2%80%99-roses-tour-t-shirt-c29070p501015501.html
266,Polo shirt with all-over Americana print,"15,99 €",https://www.pullandbear.com/es/en/man/clothing/t-shirts/polo-shirt-with-all-over-americana-print-c29070p501009839.html
267,Photographic aeroplane print T-shirt,"9,99 €",https://www.pullandbear.com/es/en/man/clothing/t-shirts/photographic-aeroplane-print-t-shirt-c29070p501025626.html
270,Vertical stripe T-shirt with plain pocket,"9,99 €",https://www.pullandbear.com/es/en/man/clothing/t-shirts/vertical-stripe-t-shirt-with-plain-pocket-c29070p500961116.html
271,Cotton T-shirt with printed back.,"9,99 €",https://www.pullandbear.com/es/en/man/clothing/t-shirts/cotton-t-shirt-with-printed-back.-c29070p500966648.html
272,Piqué polo shirt with palm tree micro print,"14,99 €",https://www.pullandbear.com/es/en/man/clothing/t-shirts/piqu%C3%A9-polo-shirt-with-palm-tree-micro-print-c29070p500964009.html
274,Navy cotton polo shirt with micro print,"12,99 €",https://www.pullandbear.com/es/en/man/clothing/t-shirts/navy-cotton-polo-shirt-with-micro-print-c29070p500917412.html
275,Cotton tropical leaves T-shirt,"9,99 €",https://www.pullandbear.com/es/en/man/clothing/t-shirts/cotton-tropical-leaves-t-shirt-c29070p500945191.html
276,Cotton pineapple skull T-shirt,"9,99 €",https://www.pullandbear.com/es/en/man/clothing/t-shirts/cotton-pineapple-skull-t-shirt-c29070p500945228.html
280,Toucan and snake print T-shirt,"9,99 €",https://www.pullandbear.com/es/en/man/clothing/t-shirts/toucan-and-snake-print-t-shirt-c29070p500960806.html
281,T-shirt with embroidered tropical skull,"12,99 €",https://www.pullandbear.com/es/en/man/clothing/t-shirts/t-shirt-with-embroidered-tropical-skull-c29070p500960779.html
282,White cotton polo shirt with micro print,"12,99 €",https://www.pullandbear.com/es/en/man/clothing/t-shirts/white-cotton-polo-shirt-with-micro-print-c29070p500917114.html
283,Green Maui and Sons T-shirt,"12,99 €",https://www.pullandbear.com/es/en/man/clothing/t-shirts/green-maui-and-sons-t-shirt-c29070p500910467.html
284,Black Maui and Sons T-shirt,"12,99 €",https://www.pullandbear.com/es/en/man/clothing/t-shirts/black-maui-and-sons-t-shirt-c29070p500911776.html
285,White Maui and Sons T-shirt,"12,99 €",https://www.pullandbear.com/es/en/man/clothing/t-shirts/white-maui-and-sons-t-shirt-c29070p500911746.html
286,White Maui and Sons vest top,"12,99 €",https://www.pullandbear.com/es/en/man/clothing/t-shirts/white-maui-and-sons-vest-top-c29070p500911958.html
287,Black Maui and Sons vest top,"12,99 €",https://www.pullandbear.com/es/en/man/clothing/t-shirts/black-maui-and-sons-vest-top-c29070p500911983.html
289,Multicoloured short sleeve T-shirt,"9,99 €",https://www.pullandbear.com/es/en/man/clothing/t-shirts/multicoloured-short-sleeve-t-shirt-c29070p500979233.html
291,Long sleeve Maui and Sons T-shirt,"14,99 €",https://www.pullandbear.com/es/en/man/clothing/t-shirts/long-sleeve-maui-and-sons-t-shirt-c29070p500911869.html
292,Long sleeve Maui and Sons T-shirt,"14,99 €",https://www.pullandbear.com/es/en/man/clothing/t-shirts/long-sleeve-maui-and-sons-t-shirt-c29070p500909674.html
294,‘Hanging On’ photo print T-shirt,"12,99 €",https://www.pullandbear.com/es/en/man/clothing/t-shirts/%E2%80%98hanging-on%E2%80%99-photo-print-t-shirt-c29070p500916654.html
296,T-shirt with multicoloured stripes,"9,99 €",https://www.pullandbear.com/es/en/man/clothing/t-shirts/t-shirt-with-multicoloured-stripes-c29070p500961024.html
298,Short sleeve multicoloured slogan T-shirt,"9,99 €",https://www.pullandbear.com/es/en/man/clothing/t-shirts/short-sleeve-multicoloured-slogan-t-shirt-c29070p500915104.html
299,Photo print T-shirt with a chunky knit effect,"9,99 €",https://www.pullandbear.com/es/en/man/clothing/t-shirts/photo-print-t-shirt-with-a-chunky-knit-effect-c29070p500915324.html
300,Embroidered dinosaur short sleeve T-shirt,"12,99 €",https://www.pullandbear.com/es/en/man/clothing/t-shirts/embroidered-dinosaur-short-sleeve-t-shirt-c29070p500914838.html
301,Puff car print T-shirt,"7,99 €",https://www.pullandbear.com/es/en/man/clothing/t-shirts/puff-car-print-t-shirt-c29070p500911391.html
303,Short sleeve panelled T-shirt,"12,99 €",https://www.pullandbear.com/es/en/man/clothing/t-shirts/short-sleeve-panelled-t-shirt-c29070p501009621.html
305,“Culture” fire Migos T-shirt,"14,99 €",https://www.pullandbear.com/es/en/man/clothing/t-shirts/%E2%80%9Cculture%E2%80%9D-fire-migos-t-shirt-c29070p500910489.html
306,Palm tree Migos T-shirt,"14,99 €",https://www.pullandbear.com/es/en/man/clothing/t-shirts/palm-tree-migos-t-shirt-c29070p500910540.html
309,Short sleeve Miami Vice logo T-shirt,"14,99 €",https://www.pullandbear.com/es/en/man/clothing/t-shirts/short-sleeve-miami-vice-logo-t-shirt-c29070p500908586.html
310,Marvel logo T-shirt,"12,99 €",https://www.pullandbear.com/es/en/man/clothing/t-shirts/marvel-logo-t-shirt-c29070p501009635.html
311,Short sleeve Marvel superheroes T-shirt,"12,99 €",https://www.pullandbear.com/es/en/man/clothing/t-shirts/short-sleeve-marvel-superheroes-t-shirt-c29070p501009643.html
312,‘You’re late’ photographic print T-shirt,"9,99 €",https://www.pullandbear.com/es/en/man/clothing/t-shirts/%E2%80%98you%E2%80%99re-late%E2%80%99-photographic-print-t-shirt-c29070p500915756.html
313,‘Meet Me Here’ photographic print T-shirt,"9,99 €",https://www.pullandbear.com/es/en/man/clothing/t-shirts/%E2%80%98meet-me-here%E2%80%99-photographic-print-t-shirt-c29070p500915423.html
314,White piqué T-shirt with vertical stripes,"12,99 €",https://www.pullandbear.com/es/en/man/clothing/t-shirts/white-piqu%C3%A9-t-shirt-with-vertical-stripes-c29070p500966732.html
315,NASA T-shirt with stripes and patch,"12,99 €",https://www.pullandbear.com/es/en/man/clothing/t-shirts/nasa-t-shirt-with-stripes-and-patch-c29070p500950028.html
316,Fanta logo T-shirt,"12,99 €",https://www.pullandbear.com/es/en/man/clothing/t-shirts/fanta-logo-t-shirt-c29070p500910854.html
317,Always Coca-Cola T-shirt,"12,99 €",https://www.pullandbear.com/es/en/man/clothing/t-shirts/always-coca-cola-t-shirt-c29070p500910713.html
318,Coca-Cola Classic T-shirt,"12,99 €",https://www.pullandbear.com/es/en/man/clothing/t-shirts/coca-cola-classic-t-shirt-c29070p500910786.html
319,Sprite logo T-shirt,"12,99 €",https://www.pullandbear.com/es/en/man/clothing/t-shirts/sprite-logo-t-shirt-c29070p500910771.html
320,Short sleeve Super Mario T-shirt,"14,99 €",https://www.pullandbear.com/es/en/man/clothing/t-shirts/short-sleeve-super-mario-t-shirt-c29070p500910637.html
321,Short sleeve Super Nintendo T-shirt,"14,99 €",https://www.pullandbear.com/es/en/man/clothing/t-shirts/short-sleeve-super-nintendo-t-shirt-c29070p501010117.html
323,‘Today is a Fresh Day'’ T-shirt,"12,99 €",https://www.pullandbear.com/es/en/man/clothing/t-shirts/%E2%80%98today-is-a-fresh-day%27%E2%80%99-t-shirt-c29070p501009628.html
324,‘Endless Potential'’ T-shirt,"12,99 €",https://www.pullandbear.com/es/en/man/clothing/t-shirts/%E2%80%98endless-potential%27%E2%80%99-t-shirt-c29070p501009614.html
327,Short sleeve colour block T-shirt,"9,99 €",https://www.pullandbear.com/es/en/man/clothing/t-shirts/short-sleeve-colour-block-t-shirt-c29070p501009983.html
329,Pacific Region short sleeve T-shirt,"9,99 €",https://www.pullandbear.com/es/en/man/clothing/t-shirts/pacific-region-short-sleeve-t-shirt-c29070p500910676.html
331,Surf print T-shirt,"9,99 €",https://www.pullandbear.com/es/en/man/clothing/t-shirts/surf-print-t-shirt-c29070p500911823.html
332,All-over cactus T-shirt,"9,99 €",https://www.pullandbear.com/es/en/man/clothing/t-shirts/all-over-cactus-t-shirt-c29070p500911609.html
333,Short sleeve 3-panel polo shirt,"3,99 €",https://www.pullandbear.com/es/en/man/clothing/t-shirts/short-sleeve-3-panel-polo-shirt-c29070p500912685.html
334,Short sleeve Star Wars R2-D2 T-shirt,"14,99 €",https://www.pullandbear.com/es/en/man/clothing/t-shirts/short-sleeve-star-wars-r2-d2-t-shirt-c29070p501010088.html
335,Short sleeve T-shirt with the Star Wars logo,"14,99 €",https://www.pullandbear.com/es/en/man/clothing/t-shirts/short-sleeve-t-shirt-with-the-star-wars-logo-c29070p501010080.html
336,Short sleeve Star Wars Han Solo T-shirt,"14,99 €",https://www.pullandbear.com/es/en/man/clothing/t-shirts/short-sleeve-star-wars-han-solo-t-shirt-c29070p501010125.html
337,Long sleeve Super Mario Bros T-shirt,"17,99 €",https://www.pullandbear.com/es/en/man/clothing/t-shirts/long-sleeve-super-mario-bros-t-shirt-c29070p501009598.html
340,Short sleeve 'Really Real’ T-shirt,"9,99 €",https://www.pullandbear.com/es/en/man/clothing/t-shirts/short-sleeve-%27really-real%E2%80%99-t-shirt-c29070p501009976.html
341,Short sleeve Looney Tunes T-shirt,"14,99 €",https://www.pullandbear.com/es/en/man/clothing/t-shirts/short-sleeve-looney-tunes-t-shirt-c29070p501010133.html
342,Short sleeve Looney Tunes T-shirt,"14,99 €",https://www.pullandbear.com/es/en/man/clothing/t-shirts/short-sleeve-looney-tunes-t-shirt-c29070p501010109.html
343,“Liked” print tank,"5,99 €",https://www.pullandbear.com/es/en/man/clothing/t-shirts/%E2%80%9Cliked%E2%80%9D-print-tank-c29070p500915085.html
344,Skeleton print tank,"5,99 €",https://www.pullandbear.com/es/en/man/clothing/t-shirts/skeleton-print-tank-c29070p500914951.html
345,Black photo print tank,"5,99 €",https://www.pullandbear.com/es/en/man/clothing/t-shirts/black-photo-print-tank-c29070p500914594.html
346,NASA logo T-shirt,"12,99 €",https://www.pullandbear.com/es/en/man/clothing/t-shirts/nasa-logo-t-shirt-c29070p501023548.html
348,Short sleeve polo shirt with an all-over print,"12,99 €",https://www.pullandbear.com/es/en/man/clothing/t-shirts/short-sleeve-polo-shirt-with-an-all-over-print-c29070p501016481.html
354,Short sleeve colour block T-shirt,"12,99 €",https://www.pullandbear.com/es/en/man/clothing/t-shirts/short-sleeve-colour-block-t-shirt-c29070p501010059.html
355,Pull&Bear logo T-shirt,"7,99 €",https://www.pullandbear.com/es/en/man/clothing/t-shirts/pull%26bear-logo-t-shirt-c29070p500911840.html
356,Ecologically grown cotton basic T-shirt,"7,99 €",https://www.pullandbear.com/es/en/man/clothing/t-shirts/ecologically-grown-cotton-basic-t-shirt-c29070p500955001.html
357,Skull and snake T-shirt,"9,99 €",https://www.pullandbear.com/es/en/man/clothing/t-shirts/skull-and-snake-t-shirt-c29070p500945001.html
358,Skull and snake panel T-shirt,"9,99 €",https://www.pullandbear.com/es/en/man/clothing/t-shirts/skull-and-snake-panel-t-shirt-c29070p500945008.html
359,T-shirt with skull stripes,"9,99 €",https://www.pullandbear.com/es/en/man/clothing/t-shirts/t-shirt-with-skull-stripes-c29070p500945015.html
364,Long sleeve T-shirt with the Volkswagen logo,"7,99 €",https://www.pullandbear.com/es/en/man/clothing/t-shirts/long-sleeve-t-shirt-with-the-volkswagen-logo-c29070p501016528.html
365,Long sleeve T-shirt with neon slogan,"7,99 €",https://www.pullandbear.com/es/en/man/clothing/t-shirts/long-sleeve-t-shirt-with-neon-slogan-c29070p501016474.html
366,Pacific Republic long sleeve T-shirt,"7,99 €",https://www.pullandbear.com/es/en/man/clothing/t-shirts/pacific-republic-long-sleeve-t-shirt-c29070p501016036.html
367,Pacific Republic raglan sleeve T-shirt,"7,99 €",https://www.pullandbear.com/es/en/man/clothing/t-shirts/pacific-republic-raglan-sleeve-t-shirt-c29070p501016016.html
385,Short sleeve logo T-shirt,"7,99 €",https://www.pullandbear.com/es/en/man/clothing/t-shirts/short-sleeve-logo-t-shirt-c29070p500909270.html
